Gallery,Address,Postcode,Web
Frestonian Gallery,United Kingdom London 2 Olaf Street,W11 4BE,http://frestoniangallery.com
Serena Morton,United Kingdom London 343 Ladbroke Grove,W10 6HA,http://serenamorton.com/contact-us
Westbank,United Kingdom London 3-5 Thorpe Close Westway,W10 5XL,http://londonwestbank.com
Palm Tree Gallery,United Kingdom London 291 Portobello Road,W10 5TD,https://palmtreegallery.com
The Muse,United Kingdom London 269 Portobello Road,W11 1LR,http://themuseat269.com
Graffik Gallery,United Kingdom London 284 Portobello Road,W10 5TE,https://graffikgallery.co.uk
Golborne Gallery,United Kingdom London 72 Golborne Road,W10 5PS,https://golbornegallery.com
Unit I Gallery | Workshop,United Kingdom London 1 Bard Road,W10 6TP,http://unit1gallery-workshop.com
50 Golborne,United Kingdom London 50 Golborne Road,W10 5PR,http://50golborne-artdesign.com
Schneideman,United Kingdom London 331 Portobello Road,W10 5SA,http://alexschneideman.net
Maddox Gallery,United Kingdom London 112 Westbourne Grove,W2 5RU,https://maddoxgallery.co.uk
WhiteWall Central London,United Kingdom London 100 Westbourne Grove,W2 5RU,https://whitewallgalleries.com
Griffin Gallery,United Kingdom London 21 Evesham Street,W11 4AJ,https://griffingallery.co.uk/
